[{"name":"Crawler","code":"7","image":"http://dummyimage.com/226x108.png/ff4444/ffffff","date":"0001-01-01T00:00:00Z","taken_by":"De","state":""},{"name":"Excavator","code":"70288","image":"http://dummyimage.com/126x245.png/5fa2dd/ffffff","date":"0001-01-01T00:00:00Z","taken_by":"Corri","state":""},{"name":"Skid-Steer","code":"3","image":"http://dummyimage.com/155x174.png/ff4444/ffffff","date":"0001-01-01T00:00:00Z","taken_by":"Thaine","state":""},{"name":"Dump Truck","code":"8","image":"http://dummyimage.com/103x229.png/dddddd/000000","date":"0001-01-01T00:00:00Z","taken_by":"Bird","state":""},{"name":"Dragline","code":"71","image":"http://dummyimage.com/234x188.png/cc0000/ffffff","date":"0001-01-01T00:00:00Z","taken_by":"Manfred","state":""},{"name":"Skid-Steer","code":"90","image":"http://dummyimage.com/214x127.png/dddddd/000000","date":"0001-01-01T00:00:00Z","taken_by":"Viki","state":""},{"name":"Excavator","code":"38","image":"http://dummyimage.com/105x195.png/5fa2dd/ffffff","date":"0001-01-01T00:00:00Z","taken_by":"Lyndell","state":""},{"name":"Trencher","code":"43","image":"http://dummyimage.com/134x231.png/ff4444/ffffff","date":"0001-01-01T00:00:00Z","taken_by":"Gene","state":""},{"name":"Trencher","code":"1","image":"http://dummyimage.com/167x178.png/dddddd/000000","date":"0001-01-01T00:00:00Z","taken_by":"Shalom","state":""},{"name":"Skid-Steer","code":"70","image":"http://dummyimage.com/222x245.png/dddddd/000000","date":"0001-01-01T00:00:00Z","taken_by":"Laurie","state":""},{"name":"Trencher","code":"32710","image":"http://dummyimage.com/182x128.png/ff4444/ffffff","date":"0001-01-01T00:00:00Z","taken_by":"Giacobo","state":""},{"name":"Excavator","code":"2","image":"http://dummyimage.com/129x145.png/cc0000/ffffff","date":"0001-01-01T00:00:00Z","taken_by":"Kirstin","state":""},{"name":"Crawler","code":"983","image":"http://dummyimage.com/224x117.png/dddddd/000000","date":"0001-01-01T00:00:00Z","taken_by":"Mehetabel","state":""},{"name":"Crawler","code":"70250","image":"http://dummyimage.com/181x123.png/ff4444/ffffff","date":"0001-01-01T00:00:00Z","taken_by":"Frannie","state":""},{"name":"Trencher","code":"915","image":"http://dummyimage.com/238x130.png/ff4444/ffffff","date":"0001-01-01T00:00:00Z","taken_by":"Clayson","state":""},{"name":"Dragline","code":"8689","image":"http://dummyimage.com/163x126.png/dddddd/000000","date":"0001-01-01T00:00:00Z","taken_by":"Sydel","state":""},{"name":"Trencher","code":"983","image":"http://dummyimage.com/107x116.png/5fa2dd/ffffff","date":"0001-01-01T00:00:00Z","taken_by":"Ara","state":""},{"name":"Crawler","code":"7194","image":"http://dummyimage.com/111x131.png/5fa2dd/ffffff","date":"0001-01-01T00:00:00Z","taken_by":"Jaimie","state":""},{"name":"Dragline","code":"8","image":"http://dummyimage.com/196x143.png/cc0000/ffffff","date":"0001-01-01T00:00:00Z","taken_by":"Ode","state":""},{"name":"Scraper","code":"99971","image":"http://dummyimage.com/231x101.png/5fa2dd/ffffff","date":"0001-01-01T00:00:00Z","taken_by":"Rory","state":""},{"name":"Compactor","code":"85171","image":"http://dummyimage.com/219x205.png/5fa2dd/ffffff","date":"0001-01-01T00:00:00Z","taken_by":"Dottie","state":""},{"name":"Crawler","code":"742","image":"http://dummyimage.com/197x180.png/ff4444/ffffff","date":"0001-01-01T00:00:00Z","taken_by":"Fons","state":""},{"name":"Excavator","code":"25111","image":"http://dummyimage.com/135x220.png/5fa2dd/ffffff","date":"0001-01-01T00:00:00Z","taken_by":"Astra","state":""},{"name":"Compactor","code":"869","image":"http://dummyimage.com/242x243.png/cc0000/ffffff","date":"0001-01-01T00:00:00Z","taken_by":"Sibel","state":""},{"name":"Excavator","code":"526","image":"http://dummyimage.com/200x224.png/cc0000/ffffff","date":"0001-01-01T00:00:00Z","taken_by":"Joellen","state":""},{"name":"Dragline","code":"68","image":"http://dummyimage.com/115x186.png/cc0000/ffffff","date":"0001-01-01T00:00:00Z","taken_by":"Roderigo","state":""},{"name":"Compactor","code":"48","image":"http://dummyimage.com/193x104.png/5fa2dd/ffffff","date":"0001-01-01T00:00:00Z","taken_by":"Tobin","state":""},{"name":"Trencher","code":"9","image":"http://dummyimage.com/166x178.png/cc0000/ffffff","date":"0001-01-01T00:00:00Z","taken_by":"Bertha","state":""},{"name":"Compactor","code":"82","image":"http://dummyimage.com/184x206.png/ff4444/ffffff","date":"0001-01-01T00:00:00Z","taken_by":"Barty","state":""},{"name":"Trencher","code":"6048","image":"http://dummyimage.com/198x242.png/cc0000/ffffff","date":"0001-01-01T00:00:00Z","taken_by":"Jermayne","state":""},{"name":"Backhoe","code":"771","image":"http://dummyimage.com/119x189.png/cc0000/ffffff","date":"0001-01-01T00:00:00Z","taken_by":"Brig","state":""},{"name":"Compactor","code":"4303","image":"http://dummyimage.com/104x241.png/5fa2dd/ffffff","date":"0001-01-01T00:00:00Z","taken_by":"Anastassia","state":""},{"name":"Excavator","code":"3","image":"http://dummyimage.com/169x128.png/cc0000/ffffff","date":"0001-01-01T00:00:00Z","taken_by":"Harmonie","state":""},{"name":"Backhoe","code":"51","image":"http://dummyimage.com/213x201.png/ff4444/ffffff","date":"0001-01-01T00:00:00Z","taken_by":"Gunther","state":""},{"name":"Backhoe","code":"9","image":"http://dummyimage.com/162x201.png/ff4444/ffffff","date":"0001-01-01T00:00:00Z","taken_by":"Domenico","state":""},{"name":"Backhoe","code":"3249","image":"http://dummyimage.com/167x152.png/dddddd/000000","date":"0001-01-01T00:00:00Z","taken_by":"Marian","state":""},{"name":"Backhoe","code":"2","image":"http://dummyimage.com/224x141.png/ff4444/ffffff","date":"0001-01-01T00:00:00Z","taken_by":"Baldwin","state":""},{"name":"Scraper","code":"2895","image":"http://dummyimage.com/120x156.png/ff4444/ffffff","date":"0001-01-01T00:00:00Z","taken_by":"Adrian","state":""},{"name":"Crawler","code":"6129","image":"http://dummyimage.com/123x215.png/dddddd/000000","date":"0001-01-01T00:00:00Z","taken_by":"Roxanna","state":""},{"name":"Excavator","code":"4828","image":"http://dummyimage.com/132x142.png/dddddd/000000","date":"0001-01-01T00:00:00Z","taken_by":"Jean","state":""},{"name":"Crawler","code":"5","image":"http://dummyimage.com/133x141.png/cc0000/ffffff","date":"0001-01-01T00:00:00Z","taken_by":"Dacy","state":""},{"name":"Excavator","code":"25833","image":"http://dummyimage.com/102x227.png/5fa2dd/ffffff","date":"0001-01-01T00:00:00Z","taken_by":"Brit","state":""},{"name":"Dump Truck","code":"9","image":"http://dummyimage.com/173x106.png/ff4444/ffffff","date":"0001-01-01T00:00:00Z","taken_by":"Taddeo","state":""},{"name":"Skid-Steer","code":"3","image":"http://dummyimage.com/124x230.png/cc0000/ffffff","date":"0001-01-01T00:00:00Z","taken_by":"Lara","state":""},{"name":"Scraper","code":"38","image":"http://dummyimage.com/123x226.png/cc0000/ffffff","date":"0001-01-01T00:00:00Z","taken_by":"Ashley","state":""},{"name":"Trencher","code":"1496","image":"http://dummyimage.com/191x144.png/5fa2dd/ffffff","date":"0001-01-01T00:00:00Z","taken_by":"Dalenna","state":""},{"name":"Scraper","code":"90849","image":"http://dummyimage.com/174x165.png/dddddd/000000","date":"0001-01-01T00:00:00Z","taken_by":"Maris","state":""},{"name":"Skid-Steer","code":"422","image":"http://dummyimage.com/116x219.png/ff4444/ffffff","date":"0001-01-01T00:00:00Z","taken_by":"Danita","state":""},{"name":"Compactor","code":"25","image":"http://dummyimage.com/190x138.png/dddddd/000000","date":"0001-01-01T00:00:00Z","taken_by":"Aloise","state":""},{"name":"Scraper","code":"6","image":"http://dummyimage.com/157x125.png/5fa2dd/ffffff","date":"0001-01-01T00:00:00Z","taken_by":"Afton","state":""},{"name":"Dragline","code":"78464","image":"http://dummyimage.com/108x226.png/5fa2dd/ffffff","date":"0001-01-01T00:00:00Z","taken_by":"Miltie","state":""},{"name":"Excavator","code":"16145","image":"http://dummyimage.com/192x152.png/5fa2dd/ffffff","date":"0001-01-01T00:00:00Z","taken_by":"Rutger","state":""},{"name":"Dump Truck","code":"6034","image":"http://dummyimage.com/136x198.png/dddddd/000000","date":"0001-01-01T00:00:00Z","taken_by":"Waldo","state":""},{"name":"Crawler","code":"6","image":"http://dummyimage.com/186x123.png/5fa2dd/ffffff","date":"0001-01-01T00:00:00Z","taken_by":"Malchy","state":""},{"name":"Scraper","code":"883","image":"http://dummyimage.com/189x158.png/ff4444/ffffff","date":"0001-01-01T00:00:00Z","taken_by":"Elvin","state":""},{"name":"Skid-Steer","code":"1","image":"http://dummyimage.com/108x227.png/ff4444/ffffff","date":"0001-01-01T00:00:00Z","taken_by":"Gregor","state":""},{"name":"Trencher","code":"868","image":"http://dummyimage.com/177x174.png/ff4444/ffffff","date":"0001-01-01T00:00:00Z","taken_by":"Kathye","state":""},{"name":"Crawler","code":"96579","image":"http://dummyimage.com/110x190.png/5fa2dd/ffffff","date":"0001-01-01T00:00:00Z","taken_by":"Lou","state":""},{"name":"Scraper","code":"4","image":"http://dummyimage.com/137x172.png/cc0000/ffffff","date":"0001-01-01T00:00:00Z","taken_by":"Nesta","state":""},{"name":"Dump Truck","code":"1339","image":"http://dummyimage.com/238x102.png/5fa2dd/ffffff","date":"0001-01-01T00:00:00Z","taken_by":"Osbourn","state":""},{"name":"Trencher","code":"25932","image":"http://dummyimage.com/183x226.png/cc0000/ffffff","date":"0001-01-01T00:00:00Z","taken_by":"Sybila","state":""},{"name":"Backhoe","code":"79","image":"http://dummyimage.com/242x237.png/dddddd/000000","date":"0001-01-01T00:00:00Z","taken_by":"Rici","state":""},{"name":"Skid-Steer","code":"41100","image":"http://dummyimage.com/173x195.png/dddddd/000000","date":"0001-01-01T00:00:00Z","taken_by":"Leeann","state":""},{"name":"Trencher","code":"325","image":"http://dummyimage.com/205x139.png/cc0000/ffffff","date":"0001-01-01T00:00:00Z","taken_by":"Johnna","state":""},{"name":"Trencher","code":"496","image":"http://dummyimage.com/220x111.png/dddddd/000000","date":"0001-01-01T00:00:00Z","taken_by":"Javier","state":""},{"name":"Excavator","code":"72523","image":"http://dummyimage.com/127x237.png/dddddd/000000","date":"0001-01-01T00:00:00Z","taken_by":"Debi","state":""},{"name":"Compactor","code":"8","image":"http://dummyimage.com/185x250.png/ff4444/ffffff","date":"0001-01-01T00:00:00Z","taken_by":"Gabriello","state":""},{"name":"Compactor","code":"96","image":"http://dummyimage.com/167x162.png/5fa2dd/ffffff","date":"0001-01-01T00:00:00Z","taken_by":"Dorian","state":""},{"name":"Dragline","code":"0","image":"http://dummyimage.com/102x194.png/cc0000/ffffff","date":"0001-01-01T00:00:00Z","taken_by":"Lauren","state":""},{"name":"Dragline","code":"571","image":"http://dummyimage.com/240x168.png/cc0000/ffffff","date":"0001-01-01T00:00:00Z","taken_by":"Tades","state":""},{"name":"Dump Truck","code":"751","image":"http://dummyimage.com/112x150.png/5fa2dd/ffffff","date":"0001-01-01T00:00:00Z","taken_by":"Pearle","state":""},{"name":"Compactor","code":"953","image":"http://dummyimage.com/240x128.png/ff4444/ffffff","date":"0001-01-01T00:00:00Z","taken_by":"Cammy","state":""},{"name":"Dragline","code":"781","image":"http://dummyimage.com/228x237.png/cc0000/ffffff","date":"0001-01-01T00:00:00Z","taken_by":"Audrye","state":""},{"name":"Skid-Steer","code":"9050","image":"http://dummyimage.com/176x122.png/5fa2dd/ffffff","date":"0001-01-01T00:00:00Z","taken_by":"Travis","state":""},{"name":"Dragline","code":"52","image":"http://dummyimage.com/115x173.png/cc0000/ffffff","date":"0001-01-01T00:00:00Z","taken_by":"Chantalle","state":""},{"name":"Scraper","code":"47604","image":"http://dummyimage.com/157x186.png/dddddd/000000","date":"0001-01-01T00:00:00Z","taken_by":"Florella","state":""},{"name":"Dragline","code":"516","image":"http://dummyimage.com/144x182.png/cc0000/ffffff","date":"0001-01-01T00:00:00Z","taken_by":"Rikki","state":""},{"name":"Skid-Steer","code":"1188","image":"http://dummyimage.com/180x231.png/ff4444/ffffff","date":"0001-01-01T00:00:00Z","taken_by":"Joelly","state":""},{"name":"Dump Truck","code":"11762","image":"http://dummyimage.com/170x129.png/5fa2dd/ffffff","date":"0001-01-01T00:00:00Z","taken_by":"Jaclin","state":""},{"name":"Compactor","code":"12737","image":"http://dummyimage.com/208x196.png/5fa2dd/ffffff","date":"0001-01-01T00:00:00Z","taken_by":"Brendon","state":""},{"name":"Skid-Steer","code":"90","image":"http://dummyimage.com/116x142.png/ff4444/ffffff","date":"0001-01-01T00:00:00Z","taken_by":"Bonnee","state":""},{"name":"Trencher","code":"52581","image":"http://dummyimage.com/204x108.png/5fa2dd/ffffff","date":"0001-01-01T00:00:00Z","taken_by":"Marga","state":""},{"name":"Dragline","code":"65","image":"http://dummyimage.com/151x194.png/cc0000/ffffff","date":"0001-01-01T00:00:00Z","taken_by":"Abbot","state":""},{"name":"Scraper","code":"6","image":"http://dummyimage.com/155x196.png/ff4444/ffffff","date":"0001-01-01T00:00:00Z","taken_by":"Page","state":""},{"name":"Dragline","code":"009","image":"http://dummyimage.com/200x135.png/cc0000/ffffff","date":"0001-01-01T00:00:00Z","taken_by":"Tedi","state":""},{"name":"Backhoe","code":"7","image":"http://dummyimage.com/181x156.png/5fa2dd/ffffff","date":"0001-01-01T00:00:00Z","taken_by":"Cindee","state":""},{"name":"Dragline","code":"23","image":"http://dummyimage.com/103x155.png/5fa2dd/ffffff","date":"0001-01-01T00:00:00Z","taken_by":"Chickie","state":""},{"name":"Scraper","code":"3279","image":"http://dummyimage.com/223x232.png/cc0000/ffffff","date":"0001-01-01T00:00:00Z","taken_by":"Domenic","state":""},{"name":"Crawler","code":"09","image":"http://dummyimage.com/123x204.png/cc0000/ffffff","date":"0001-01-01T00:00:00Z","taken_by":"Stirling","state":""},{"name":"Scraper","code":"76","image":"http://dummyimage.com/208x130.png/5fa2dd/ffffff","date":"0001-01-01T00:00:00Z","taken_by":"Tiff","state":""},{"name":"Backhoe","code":"15435","image":"http://dummyimage.com/157x136.png/dddddd/000000","date":"0001-01-01T00:00:00Z","taken_by":"Forster","state":""},{"name":"Dump Truck","code":"288","image":"http://dummyimage.com/134x108.png/cc0000/ffffff","date":"0001-01-01T00:00:00Z","taken_by":"Codie","state":""},{"name":"Skid-Steer","code":"7815","image":"http://dummyimage.com/243x156.png/ff4444/ffffff","date":"0001-01-01T00:00:00Z","taken_by":"Jamie","state":""},{"name":"Dragline","code":"8551","image":"http://dummyimage.com/215x116.png/dddddd/000000","date":"0001-01-01T00:00:00Z","taken_by":"Elle","state":""},{"name":"Trencher","code":"372","image":"http://dummyimage.com/149x147.png/ff4444/ffffff","date":"0001-01-01T00:00:00Z","taken_by":"Vicky","state":""},{"name":"Skid-Steer","code":"4756","image":"http://dummyimage.com/195x193.png/5fa2dd/ffffff","date":"0001-01-01T00:00:00Z","taken_by":"Van","state":""},{"name":"Crawler","code":"240","image":"http://dummyimage.com/152x187.png/cc0000/ffffff","date":"0001-01-01T00:00:00Z","taken_by":"Jerrie","state":""},{"name":"Skid-Steer","code":"0","image":"http://dummyimage.com/230x239.png/dddddd/000000","date":"0001-01-01T00:00:00Z","taken_by":"Miof mela","state":""},{"name":"Dump Truck","code":"7","image":"http://dummyimage.com/243x224.png/cc0000/ffffff","date":"0001-01-01T00:00:00Z","taken_by":"Helaine","state":""},{"name":"Compactor","code":"50","image":"http://dummyimage.com/247x235.png/cc0000/ffffff","date":"0001-01-01T00:00:00Z","taken_by":"Mendy","state":""},{"name":"Scraper","code":"5","image":"http://dummyimage.com/144x246.png/dddddd/000000","date":"0001-01-01T00:00:00Z","taken_by":"Mellisa","state":""},{"name":"Excavator","code":"936","image":"http://dummyimage.com/209x108.png/cc0000/ffffff","date":"0001-01-01T00:00:00Z","taken_by":"Ruthanne","state":""},{"name":"Crawler","code":"64","image":"http://dummyimage.com/127x180.png/dddddd/000000","date":"0001-01-01T00:00:00Z","taken_by":"Nikos","state":""},{"name":"Backhoe","code":"5124","image":"http://dummyimage.com/249x220.png/dddddd/000000","date":"0001-01-01T00:00:00Z","taken_by":"Alia","state":""},{"name":"Scraper","code":"5","image":"http://dummyimage.com/115x130.png/cc0000/ffffff","date":"0001-01-01T00:00:00Z","taken_by":"Sidnee","state":""},{"name":"Excavator","code":"1275","image":"http://dummyimage.com/126x166.png/5fa2dd/ffffff","date":"0001-01-01T00:00:00Z","taken_by":"Archy","state":""},{"name":"Trencher","code":"75540","image":"http://dummyimage.com/127x142.png/dddddd/000000","date":"0001-01-01T00:00:00Z","taken_by":"Maribeth","state":""},{"name":"Trencher","code":"948","image":"http://dummyimage.com/231x158.png/ff4444/ffffff","date":"0001-01-01T00:00:00Z","taken_by":"Kylen","state":""},{"name":"Scraper","code":"8","image":"http://dummyimage.com/192x161.png/dddddd/000000","date":"0001-01-01T00:00:00Z","taken_by":"Hilda","state":""},{"name":"Compactor","code":"9030","image":"http://dummyimage.com/150x212.png/5fa2dd/ffffff","date":"0001-01-01T00:00:00Z","taken_by":"Cassandra","state":""},{"name":"Dragline","code":"52","image":"http://dummyimage.com/185x112.png/dddddd/000000","date":"0001-01-01T00:00:00Z","taken_by":"Cassandre","state":""},{"name":"Skid-Steer","code":"8025","image":"http://dummyimage.com/116x162.png/ff4444/ffffff","date":"0001-01-01T00:00:00Z","taken_by":"Jeanelle","state":""},{"name":"Dump Truck","code":"7051","image":"http://dummyimage.com/205x118.png/ff4444/ffffff","date":"0001-01-01T00:00:00Z","taken_by":"Maurise","state":""},{"name":"Dump Truck","code":"73","image":"http://dummyimage.com/246x120.png/dddddd/000000","date":"0001-01-01T00:00:00Z","taken_by":"Theodora","state":""},{"name":"Scraper","code":"2550","image":"http://dummyimage.com/213x233.png/ff4444/ffffff","date":"0001-01-01T00:00:00Z","taken_by":"Vanna","state":""},{"name":"Compactor","code":"5095","image":"http://dummyimage.com/188x240.png/5fa2dd/ffffff","date":"0001-01-01T00:00:00Z","taken_by":"Boone","state":""},{"name":"Dragline","code":"59","image":"http://dummyimage.com/224x115.png/ff4444/ffffff","date":"0001-01-01T00:00:00Z","taken_by":"Beitris","state":""},{"name":"Excavator","code":"98","image":"http://dummyimage.com/244x237.png/dddddd/000000","date":"0001-01-01T00:00:00Z","taken_by":"Therese","state":""},{"name":"Skid-Steer","code":"85","image":"http://dummyimage.com/214x174.png/dddddd/000000","date":"0001-01-01T00:00:00Z","taken_by":"Dillie","state":""}]